<?xml version='1.0' encoding='UTF-8'?>
<SOAP-ENV:Envelope xmlns:SOAP-ENV="http://schemas.xmlsoap.org/soap/envelope/" xmlns:uwvh="http://schemas.uwv.nl/UwvML/Header-v0202" xmlns="http://schemas.uwv.nl/UwvML/Berichten/UwvZwMeldingInternBody-v0428">
  <SOAP-ENV:Header>
    <uwvh:UwvMLHeader>
      <RouteInformatie>
        <Bron>
          <ApplicatieNaam>Digipoort</ApplicatieNaam>
          <DatTijdVersturenBericht>2025-11-26T11:40:18</DatTijdVersturenBericht>
        </Bron>
        <Bestemming>
          <ApplicatieNaam>UZS</ApplicatieNaam>
        </Bestemming>
        <GegevensUitwisselingsnr>GegUitNr_20251126114018_3</GegevensUitwisselingsnr>
      </RouteInformatie>
      <BerichtIdentificatie>
        <BerichtReferentienr>BerRefNr_20251126114018_3</BerichtReferentienr>
        <BerichtType>
          <BerichtNaam>UwvZwMeldingInternBody</BerichtNaam>
          <VersieMajor>04</VersieMajor>
          <VersieMinor>28</VersieMinor>
          <Buildnr>01</Buildnr>
          <CommunicatieType>Melding</CommunicatieType>
          <CommunicatieElement>Melding</CommunicatieElement>
        </BerichtType>
        <DatTijdAanmaakBericht>2025-11-26T11:40:18</DatTijdAanmaakBericht>
        <IndTestbericht>2</IndTestbericht>
      </BerichtIdentificatie>
      <Transactie>
        <TransactieReferentienr>TraRefNr_20251126114018_3</TransactieReferentienr>
        <Volgordenr>1</Volgordenr>
        <IndLaatsteBericht>1</IndLaatsteBericht>
      </Transactie>
    </uwvh:UwvMLHeader>
  </SOAP-ENV:Header>
  <SOAP-ENV:Body>
    <UwvZwMeldingInternBody>
      <CdBerichtType>OTP3</CdBerichtType>
      <IndAlleenControleUzs>2</IndAlleenControleUzs>
      <Ketenpartij>
        <Naam></Naam>
        <CdRolKetenpartij>01</CdRolKetenpartij>
        <CdSrtIndiener>WG</CdSrtIndiener>
        <NaamSoftwarePakket>XML-Automator</NaamSoftwarePakket>
        <VersieSoftwarePakket>0.1</VersieSoftwarePakket>
        <VolgNr>1</VolgNr>
      </Ketenpartij>
      <NatuurlijkPersoon>
        <Burgerservicenr>200000072</Burgerservicenr>
        <Geboortedat>20210101</Geboortedat>
        <EersteVoornaam>Serial</EersteVoornaam>
        <Voorletters>S</Voorletters>
        <SignificantDeelVanDeAchternaam>Persoon</SignificantDeelVanDeAchternaam>
      </NatuurlijkPersoon>
      <MeldingZiekte>
        <DatEersteAoDag>20210101</DatEersteAoDag>
        <IndDirecteUitkering>0</IndDirecteUitkering>
        <CdRedenAangifteAo>A2</CdRedenAangifteAo>
        <CdRedenZiekmelding>Z2</CdRedenZiekmelding>
        <IndWerkdagOpZaterdag>1</IndWerkdagOpZaterdag>
        <IndWerkdagOpZondag>0</IndWerkdagOpZondag>
      </MeldingZiekte>
      <AdministratieveEenheid>
        <Bankrekening/>
      </AdministratieveEenheid>
    </UwvZwMeldingInternBody>
  </SOAP-ENV:Body>
</SOAP-ENV:Envelope>
